"2030 agenda",
"SDG 1",
"SDG 10",
"SDG 11",
"SDG 12",
"SDG 13",
"SDG 14",
"SDG 15",
"SDG 16",
"SDG 17",
"SDG 2",
"SDG 3",
"SDG 4",
"SDG 5",
"SDG 6",
"SDG 7",
"SDG 8",
"SDG 9",
"SDG",
"SDG1",
"SDG10",
"SDG11",
"SDG12",
"SDG13",
"SDG14",
"SDG15",
"SDG16",
"SDG17",
"SDG2",
"SDG3",
"SDG4",
"SDG5",
"SDG6",
"SDG7",
"SDG8",
"SDG9",
"SDGs",
"Sustainable Development Goal 1",
"Sustainable Development Goal 10",
"Sustainable Development Goal 11",
"Sustainable Development Goal 12",
"Sustainable Development Goal 13",
"Sustainable Development Goal 14",
"Sustainable Development Goal 15",
"Sustainable Development Goal 16",
"Sustainable Development Goal 17",
"Sustainable Development Goal 2",
"Sustainable Development Goal 3",
"Sustainable Development Goal 4",
"Sustainable Development Goal 5",
"Sustainable Development Goal 6",
"Sustainable Development Goal 7",
"Sustainable Development Goal 8",
"Sustainable Development Goal 9",
"Sustainable Development Goal Number 1",
"Sustainable Development Goal Number 10",
"Sustainable Development Goal Number 11",
"Sustainable Development Goal Number 12",
"Sustainable Development Goal Number 13",
"Sustainable Development Goal Number 14",
"Sustainable Development Goal Number 15",
"Sustainable Development Goal Number 16",
"Sustainable Development Goal Number 17",
"Sustainable Development Goal Number 2",
"Sustainable Development Goal Number 3",
"Sustainable Development Goal Number 4",
"Sustainable Development Goal Number 5",
"Sustainable Development Goal Number 6",
"Sustainable Development Goal Number 7",
"Sustainable Development Goal Number 8",
"Sustainable Development Goal Number 9",
"Sustainable Development Goal",
"Sustainable Development Goals of the United Nations",
"Sustainable Development Goals",
"Sustainable Development No 1",
"Sustainable Development No 10",
"Sustainable Development No 11",
"Sustainable Development No 12",
"Sustainable Development No 13",
"Sustainable Development No 14",
"Sustainable Development No 15",
"Sustainable Development No 16",
"Sustainable Development No 17",
"Sustainable Development No 2",
"Sustainable Development No 3",
"Sustainable Development No 4",
"Sustainable Development No 5",
"Sustainable Development No 6",
"Sustainable Development No 7",
"Sustainable Development No 8",
"Sustainable Development No 9",
"UN SDGs",
"UN Sustainable Development Goals",
"United Nations Sustainable Development Goals",
